Gene,56,84,91,112,119,133,147,168,182,259,400,580,645,1010,1375,1740,3200,4295,5025,5755,6850,7215,7945,8675,11230,13420,13785,14880
PTPRT,1,0.597349996,3.973393888,4.485476461,2.418271897,2.149644654,4.706559094,1.557651561,1.413078827,2.307606194,3.123182438,1.911807269,7.900576661,0.339354514,1.140580679,0.906813048,3.667548195,1.597941686,4.951229923,5.167935669,0.613194763,7.857126938,7.711900406,3.834957094,7.87676491,7.341549517,9.91111411,9.659300574
CHRM3,1,0.589453801,1.289771634,1.954210471,1.811748585,1.459043123,5.185575059,3.803186713,0.319766553,3.528254671,5.466192816,3.699213373,15.51887879,0.587996606,2.976008382,3.236011416,8.550364823,7.589678887,9.131460871,13.30223827,1.281213462,10.66863632,13.36046813,6.808404991,8.269439963,9.399517023,9.561617851,9.680766252
TBL1XR1,1,0.857522669,0.866367847,0.724345079,0.687208234,0.540365999,0.676201058,0.891354076,1.25350257,0.526075474,0.739272332,0.687995752,1.018725879,0.253644075,0.538193209,0.99927332,0.962357029,1.83211034,0.541989597,1.3757435,0.253432627,0.781668582,1.075463464,0.652467465,0.583869693,0.846944695,0.532762632,0.896115336
KHDRBS2,1,1.359900938,2.02000984,1.76975437,1.836850267,1.887207429,1.66709641,1.609352236,2.359085453,0.464181869,0.960821597,1.036564301,1.140946966,0.085648174,0.269920465,1.159497512,1.359358505,1.244422979,0.71707995,1.155896695,0.198890309,0.879676055,0.869855126,0.438133264,0.746924601,0.805473693,0.74874095,0.794652436
SORCS3,1,2.379185172,3.152775386,2.606657177,2.049725543,1.403899519,2.152868523,1.270065456,2.074602136,1.234257349,2.469013132,2.190267194,3.860648295,0.279408106,1.239231902,1.044221936,1.980220655,1.772258435,2.537167529,2.691900499,0.44251663,2.989458898,3.090967935,1.859358407,2.910405734,2.605097375,3.065324554,2.845606832
CNTNAP5,1,3.2610594,3.316703888,1.118104329,0.39800788,0.183565513,1.667069002,0.151361732,0.57254538,0.764168392,1.057177789,1.734252012,6.040910521,0.288056428,0.470852781,0.100970849,2.275021418,0.73291895,1.28266115,2.203955794,0.473115083,2.627091625,4.557534202,0.976325589,1.320616622,1.956550525,3.700511584,1.676630241
FHIT,1,0.266879743,0.491496658,0.799105497,0.401162993,0.58526296,1.261346484,1.238601348,1.077448232,3.165712577,4.235361151,3.839389429,2.572993107,4.161702616,4.017102325,4.585169058,4.206949439,3.548589036,4.774750117,3.239933364,4.511536027,4.779702574,2.451995242,4.965506688,3.838443454,4.308666106,4.427114706,4.97097039
NPFFR2,1,0.184729658,0.06580441,0.620905101,0,0.307587797,1.093575981,0.194767468,0.800852722,1.04795445,0.52411726,0.770480081,1.986592418,0,0.618885026,1.614907443,1.890486874,1.640328218,2.275061004,7.637172967,0.360270654,1.32087918,5.158879841,4.771400735,2.798662817,2.121016831,1.166629423,2.216478812
NR4A2,1,13.85315869,5.815339368,11.87882675,6.500500331,5.438742301,7.910112714,13.87287481,11.20160781,2.184918202,1.929438064,1.069307183,3.559624399,0.097362639,0.514518471,1.602233891,1.997475402,1.434390559,2.884094026,2.026813732,0.729618112,1.754883996,1.98266489,1.688140132,1.266647003,0.888373668,1.817136774,1.156302937
MINK1,1,1.243210826,1.179272733,2.012648848,2.950873456,2.612513377,2.809220943,1.636933216,1.074419864,3.742171374,2.719689995,4.490898147,5.508719026,3.017666965,3.825671436,1.203469151,5.267995246,2.61447448,5.697202513,3.700166514,3.611891663,5.703326349,5.921994168,4.91197944,6.127949292,4.946582692,6.816332527,4.863716024
SPAST,1,1.066670557,0.911420148,0.637302639,0.380469726,0.35198331,0.593250408,0.572372382,0.989944673,0.201158146,0.298632096,0.132336177,0.293743159,0.065293488,0.184853732,0.371853548,0.218935396,0.331111789,0.115469198,0.302692996,0.085574641,0.178630511,0.304942946,0.244616375,0.135927449,0.177696667,0.126036674,0.261593665
CNTNAP2,1,0.320448408,0.088186176,0.077024701,0.032673461,0.045457683,0.109834572,0.05287076,0.140897525,0.102525454,0.178720218,0.243481655,0.38239687,0.006297536,0.043640227,0.083653644,0.239889097,0.13719332,0.238392138,0.29096679,0.037976056,0.293445496,0.346008892,0.156312388,0.275177808,0.285297387,0.283852006,0.333066547
SETD5,1,0.835462498,0.920251826,0.965784285,0.953231985,0.634286695,0.875049764,0.529911431,0.966165305,0.651781821,0.683822633,0.421540892,0.67450423,0.291303902,0.43396879,0.117388741,0.298309769,0.184494531,0.621828027,0.585482516,0.33655548,0.660177382,0.483839147,0.504885753,0.503337254,0.73259156,0.703145084,0.556254273
PRKCB,1,1.202737885,0.869913813,1.857252503,1.346028016,1.816766457,4.449251717,2.691819651,1.218582109,5.51385491,10.13318454,15.9946503,22.03098457,2.485577742,4.316408465,13.4582296,14.02832183,17.70369938,13.02150796,21.41257542,2.796218936,17.17265172,15.90745113,9.970306657,15.16023097,16.14149306,14.59275901,13.39628134
DAGLA,1,1.621540775,1.21697768,1.653188407,1.551514482,1.244474833,1.730556586,1.352153777,0.966701728,2.050839815,1.55945377,1.033710721,3.423158158,1.098827352,2.153368537,0.58287771,2.232184935,1.375479535,4.527539202,2.089480061,1.071807515,5.240628198,3.563762438,2.774650369,5.480577716,3.448942973,5.159819283,2.559805507
KIAA0232,1,1.014867878,0.914267588,0.91170932,0.666382309,0.500149589,0.914053973,0.581421495,1.156129016,0.386727553,0.76894048,0.475330114,1.312314392,0.290888371,0.63296104,0.479063044,0.600335352,0.879455085,0.90029633,1.383752861,0.452190063,1.107970184,1.318271224,0.965369062,0.936658235,1.181254531,1.047080463,1.312886027
NRXN3,1,0.740224538,0.426819772,0.932677678,0.846524532,0.85708539,1.733757055,0.76357896,0.674265862,1.725370391,4.317176165,3.211961724,12.94839617,0.643230329,1.569671725,4.761264338,7.902519656,5.746945572,5.372261596,7.280221857,0.881573962,9.259118669,9.314947522,4.576459316,6.836671665,8.375852258,8.320108246,7.661993052
ADCY3,1,0.79841339,0.748484169,0.981837589,1.192572222,0.736631465,0.970685416,0.767327446,0.666894267,1.106683419,0.849645741,0.69565882,1.408339414,0.510571928,0.947724683,0.6375164,1.009786249,0.697339147,1.566866055,1.024304849,0.679973545,1.771462951,1.36398299,1.067837128,1.850286731,1.599470566,2.222760585,1.231688453
KCND2,1,0.743299929,1.276508577,1.933067961,1.298898082,1.136301086,2.452752235,2.65423122,1.877219887,2.078099257,3.37258969,2.010032452,4.333034984,0.266259084,1.229237488,3.251193885,3.729381156,4.271777095,1.766804601,3.425576502,0.336256253,2.529349054,3.662107197,1.532359761,1.932812047,2.521694004,2.897405297,2.694578718
COL12A1,1,0.51015274,0.376519424,0.881067827,0.511376281,0.367746209,0.994313752,0.615572437,0.197149036,0.996494282,0.771727898,0.603229434,0.561518207,0.148782677,0.227230407,0.227056311,0.214372956,0.112546295,0.545735449,0.337237706,0.191810981,0.469675326,0.309475818,0.348101971,0.333568706,0.95643643,0.628232273,0.512730124
NR3C2,1,0.426997258,0.243767847,1.174128808,0.845499239,1.055444011,3.694487936,2.585655223,2.092936497,3.405295937,4.722796998,1.851688916,4.487274441,2.715905167,7.615160323,2.506687518,5.993028392,7.836125204,8.66079366,9.642398189,5.229847469,8.120002631,11.64773651,9.439130888,8.295293982,9.960587398,11.61824237,9.348730185
PSD3,1,1.390752388,1.8829771,2.264192077,1.422540232,1.191541946,3.305699791,2.023380924,1.788714365,2.681712976,3.433634484,4.085470295,9.680218767,0.448832944,1.415980162,1.685297955,5.029272888,7.958345922,4.409819378,9.07864912,0.765075316,5.698257119,9.537503312,3.712090081,4.629886494,6.081869885,4.92079921,5.595723802
CTNNA2,1,1.06340585,0.866690861,0.917508012,0.900642868,0.811255923,1.509705226,1.179430956,1.075439555,1.536543536,1.984122401,2.402917158,1.813990036,0.802423874,1.731455029,1.286800728,1.261129425,1.737385336,1.65228757,1.884906032,1.039347451,1.526013588,1.334699579,1.378815046,1.349119451,1.585627937,1.377762547,1.381084669
PPP3CA,1,1.030860598,0.833725489,0.598495233,0.527714556,0.543080735,0.805885181,0.806435821,0.769181405,1.036204261,1.594491712,1.723099984,2.055226918,0.235891307,0.864199924,2.827990734,2.409724017,3.184128597,1.877611417,3.520115705,0.424195881,2.227138458,2.495562783,2.188279214,2.203574664,2.295881809,1.886117017,3.546317613
KIF13B,1,0.847313745,0.809427528,0.992530277,0.916657284,0.723957174,0.687374355,0.460441239,1.012844898,0.955720556,1.100087065,0.905477195,1.891986829,4.039525671,4.031054227,0.926620352,0.867645984,1.390448794,2.067657244,2.040937794,4.736871689,2.441709777,4.311425814,8.300442545,3.044616359,2.403069368,3.5817067,3.301401723
MYO5A,1,1.516487994,1.479379214,1.378631005,0.929726622,0.667387804,2.068150347,1.115683274,1.189515967,0.794070639,1.578897848,1.54537827,3.890328216,0.126356145,0.468835923,1.341274851,2.041089719,2.416375238,1.602849472,3.264298732,0.238331758,2.738295456,3.13389141,1.517864308,2.143452919,2.581400839,2.776781433,3.174905645
PCDH11X,1,2.055658338,3.792322316,3.739966767,2.373211961,3.003256781,7.248503252,2.909673254,0.745819834,3.619394343,2.376679873,1.75944821,2.457062015,0.09347481,0.376641744,1.283179223,1.571239836,1.913205136,0.704631246,1.581723456,0.162259535,1.215760551,1.980054699,0.925323764,0.975373254,0.804127083,1.255502731,1.221649226
GRIA3,1,2.091692723,1.58710583,1.195452906,0.929873394,0.65837693,1.47661065,1.051820781,1.608407514,0.880544995,1.024661655,0.673990892,1.977446558,0.185313233,0.546120497,0.774704254,0.859326277,0.939465698,1.610546743,2.076091022,0.318006784,2.056381084,1.513503768,1.244114338,1.934954814,2.495147772,1.869773708,2.311166141
PLCB1,1,1.203479132,1.13916908,0.879552198,0.669200187,0.37699783,1.411621575,0.866521911,1.216496557,1.035562,3.512396077,3.070536724,7.831616125,0.340284039,1.68491618,4.432659045,5.351104,5.079297965,3.270819545,8.095799161,0.676922583,5.137881472,6.261004068,3.260082722,3.933193534,5.044921574,4.909149225,7.108860811
CACNA1D,1,2.088761638,2.401339028,2.84672868,2.596632011,2.598908619,5.893499068,1.803633883,1.289389878,4.189727459,5.383549046,3.78489097,11.16871228,2.049485808,2.960152846,1.481298362,6.022929004,3.23757967,8.051462634,6.569338784,3.286448535,10.13809104,8.077000613,6.211229238,8.572158476,12.10726125,9.881655494,8.670321984
TLE3,1,0.947778303,1.514894875,1.24978917,1.593560846,1.187454953,1.281304017,1.211600317,0.576505818,0.793757218,0.374054509,0.311742837,0.343554314,0.252101835,0.339972028,0.098722415,0.248133324,0.136660387,0.250930095,0.157778302,0.166208092,0.219917763,0.228312464,0.194773939,0.138825398,0.169512206,0.225802307,0.1413531
DIP2A,1,1.290472314,1.038994089,1.131585016,1.622106466,0.763553686,0.927129855,0.540562425,1.042801973,0.667415237,0.760328656,0.319367952,0.984604562,0.344419625,0.609571382,0.339856765,0.414659499,0.341749646,0.750206694,0.690949342,0.517669435,1.006811473,0.877550495,1.286038003,0.935014686,0.965874823,1.215195271,0.883040215
HACE1,1,0.65701121,0.534982086,0.569413899,0.778702531,0.392951621,0.509564074,0.231558843,0.808900339,0.464182373,0.926691513,0.680033407,1.221729584,0.203497222,0.51610747,0.930972853,1.16390729,1.480680539,0.940467178,2.106245291,0.341253161,1.251964686,1.361219,1.05028342,1.2108299,2.012644637,1.158115881,2.038354193
SHANK2,1,1.869938568,1.671531822,1.953266985,2.096416396,1.515717965,3.053108777,1.701158455,1.564222198,2.427903917,2.584393906,2.283916805,4.361955288,0.237601393,0.703356951,0.929350698,2.076723099,2.043703373,2.32309491,2.129776789,0.36234636,2.05596832,2.584927508,1.42774162,1.711690573,2.103423867,2.010623566,1.74845982
LAMA1,1,0.101658622,0.131605569,0.439796866,0.321844841,0.07907995,0.136695824,0.167044265,0.339310397,0.125134386,0.244789748,0.099820049,0.055896706,0.165125793,0.261969812,0.073673426,0.026248716,0.014537245,0.093334884,0.03135029,0.118333619,0.034883618,0.038274458,0.153230997,0.006710659,0.073027129,0.048826056,0.007466152
AUTS2,1,1.747889106,1.094557787,0.69476869,0.394066226,0.331919799,0.335729188,0.271767748,0.910496784,0.104279431,0.081840901,0.031963284,0.102021208,0.060692474,0.112272016,0.056235115,0.075907195,0.045035083,0.07062664,0.056933277,0.061682071,0.065450864,0.078217674,0.072154776,0.059543597,0.055540963,0.069290395,0.044410024
GABRB2,1,0.454225533,0.428861736,1.083499822,0.628089853,0.787527156,1.390295336,1.186335597,1.480330602,1.564285679,4.644156251,5.984048196,10.54637533,0.161415277,1.171494122,5.931351989,7.54248151,5.85334979,3.84598083,13.20552536,0.481841697,7.260779456,10.27855103,4.624296084,5.778286937,7.072647721,7.228368951,11.8782095
KDM4C,1,1.076860967,1.096015016,1.033250905,1.130549232,0.719854922,1.397557721,1.00938929,1.16709333,1.23152988,0.968930281,1.06990576,1.070995615,0.582079865,1.024538713,0.536283079,0.608535792,0.49113164,1.144387285,1.140070693,0.678339286,0.89936787,1.087637312,1.165652004,0.923200688,1.320716321,1.145754034,0.920121627
SLC24A2,1,4.266586762,2.009467059,0.755610439,0.287434158,0.126573162,0.424806526,0.220481546,0.828608785,0.298162578,1.517052428,1.413662523,12.31680213,0.417331979,1.031109313,0.36960211,3.933846814,2.401446684,3.747765217,11.89115851,1.19844015,13.64695634,16.16020154,10.21276952,8.053484088,6.929595771,20.58098286,8.474418847
TANC2,1,2.803428384,2.168561025,1.674668842,1.281104168,0.779879757,1.936556332,1.084419876,1.563262463,0.784485848,0.815440028,0.413193059,1.876734554,0.141659247,0.498860922,0.291183896,0.994140335,0.771206407,1.099667297,1.11128504,0.22225093,1.392020789,1.669417651,0.940077312,1.078282711,1.328619533,1.460856316,1.025425179
CARD11,1,2.071172475,0.523477796,2.067356481,0.622908542,0.670791924,0.716033463,0.583328092,1.501808404,0.656529123,2.085713088,2.771527865,6.282394012,3.793275884,2.425100642,4.25536231,4.834578249,2.630157881,5.753129324,4.386872563,3.780758586,5.583312366,7.029107435,3.419077871,7.463863379,8.348864637,9.72722984,4.253034973
ANK2,1,1.556918637,3.017011647,2.923131197,2.184530808,1.522136506,4.98528688,2.332942673,1.761096015,2.498664929,2.41575856,2.070730791,4.873627984,0.37913333,1.072626983,1.163752766,2.062634284,1.882571674,2.437167341,2.876410489,0.648751579,3.087576424,3.977830443,2.353781233,2.29887588,3.031991511,3.048340978,3.102930402
KCNH1,1,1.02093598,0.147777366,0.749783233,0.280627931,0.255913029,2.440910674,0.108854808,0.792570054,0.666328335,2.511207048,7.455236669,23.35830919,0.749507864,1.816881007,0.358411601,14.40106188,4.645395768,9.604343087,19.58843088,2.076395448,22.1300013,24.2082424,6.821404107,15.69369907,16.70751301,30.40019936,15.73656099
KCND3,1,0.944216852,0.931896729,0.969993883,0.842485452,0.840287628,1.318994697,0.911015407,1.709059017,0.71753164,1.694548544,1.307632836,3.423198618,0.606726274,1.066021679,1.386179945,2.452224422,1.7698409,3.005672085,4.33006579,1.053316607,3.909952249,5.227449256,2.662337627,3.658330167,4.354385121,4.607975303,5.520321713
PBX1,1,1.887588304,1.405777111,0.914103627,0.605144469,0.36687588,0.765030393,0.572305564,0.978343199,0.394339856,0.281819647,0.501703134,0.410303624,0.06447451,0.16073888,0.115418539,0.370646437,0.331107375,0.232427321,0.398824307,0.096376289,0.309442838,0.451058448,0.240785537,0.229248779,0.246973585,0.272323722,0.316491023
LRRC4C,1,0.241458593,0.702717551,2.783682613,4.505243234,4.277937004,9.70172035,5.386225551,1.083709899,8.246403184,6.306247337,3.690048372,10.8158245,1.140186045,3.142297251,2.007267727,5.129419378,3.917832171,6.985318946,8.016291071,1.629743905,7.343499911,6.431188908,5.633138013,6.169153414,6.672230113,6.558386747,6.329850355
GALNT13,1,3.128147328,1.265128161,0.793105128,0.348729188,0.311591444,0.509355091,0.524064198,1.183599377,0.584342827,1.52175584,1.720363745,2.051465825,0.326014932,0.901991086,0.455410796,1.644701412,1.535078853,1.202564876,2.156586126,0.506513296,1.32861911,2.055144977,1.374804574,0.969240993,1.528211082,1.112544309,1.603044009
CDH11,1,0.242466599,0.48380027,0.840258064,0.849184397,0.373974673,0.690088335,0.731924397,0.626636352,0.320427684,0.511373615,0.260764451,0.613310473,0.195852451,0.446656697,0.263789032,0.380513064,0.272991376,0.336858334,0.370878125,0.217819419,0.336120566,0.363994931,0.376818476,0.242605336,0.279903381,0.31650434,0.20080402
RALGAPB,1,1.14128693,1.088142969,0.873033369,0.602712329,0.39373574,0.876238766,0.550443602,1.2827586,0.437790775,0.62764287,0.581511077,1.202223478,0.173513708,0.465030348,0.322459226,0.880781774,0.701029758,0.696007376,1.120806162,0.288826024,0.885754871,1.280738613,0.762481931,0.717225457,0.858188081,0.823170979,0.930258721
SMG6,1,0.949007648,0.908347727,1.027600633,0.964901106,0.687027143,0.866988661,0.714860211,0.707195298,0.917920492,0.486266359,0.507622767,0.5614767,0.504455777,0.80596648,0.118343909,0.322187321,0.234827287,0.713505685,0.403162763,0.652527142,0.667163083,0.677685805,0.661189332,0.678699572,0.645801967,0.83447988,0.63360475
CNTN5,1,1.130264047,0.71929358,0.513903167,0.151388376,0.343477404,0.90501726,0.518076609,0.23545172,0.972465339,2.689686531,3.007949077,3.426609298,0.181120677,0.453248894,2.431369747,2.569709888,2.422233865,1.657315122,3.234600978,0.432469228,1.94315907,3.997646237,1.216114875,1.764284987,2.767687954,2.002840657,3.558723014
COL28A1,1,0.968314322,0.946332383,5.26824567,14.55758872,6.713719899,6.407398606,9.998257288,5.873098859,7.951758555,9.397628855,3.76623891,2.351790241,7.694946134,12.91670627,4.973621673,1.380109316,7.881178707,14.94954056,1.033824461,27.61897972,10.32961027,2.216413181,7.022972117,11.84165082,39.80220215,10.65525982,4.541270596
PTPRD,1,2.367324172,2.583918851,1.841266213,2.126378662,1.257839625,2.288072412,1.241153351,1.097609323,1.231953293,1.232368973,0.64983747,1.906198824,0.238746542,0.605052627,0.635803044,0.802072493,0.755898495,0.818076608,1.561280847,0.338477142,1.319828299,1.506949246,1.482125433,1.035411326,1.333873426,1.242700166,1.445092022
HECW2,1,1.578643682,1.841469009,1.143943897,0.824827299,0.537765272,1.531480183,0.545549589,1.266915181,0.587655114,1.375773478,1.318260822,4.370913426,0.330395346,0.566819952,0.658135148,1.76159776,2.208376952,1.240333504,2.458227888,0.401211507,2.045616543,3.079465001,1.935347234,1.474205033,1.760475374,2.145732356,2.090555855
FGF13,1,1.362381585,1.495658098,1.11533198,1.191774482,1.339320536,2.217004514,2.566519403,2.120059112,1.595310379,1.890214654,1.8153994,1.481400563,0.109846103,0.506296025,2.31911292,1.725552372,1.963041253,0.929332557,1.514975636,0.185463068,0.751479545,1.0639441,0.63492907,0.858045607,0.825591628,0.708049509,0.88614564
MYH10,1,0.445762973,0.628863045,0.665241257,0.561919942,0.315383417,0.650653822,0.420362842,0.723670007,0.383131999,0.437609959,0.547396944,1.070756552,0.130371954,0.342987374,0.128034529,0.390681548,0.262986583,0.720076862,0.55756826,0.171605254,0.808955147,0.80590814,0.49322274,0.724626509,0.747907764,0.737068568,0.679212901
PTPN4,1,1.72588601,1.486167468,1.027512331,0.633847032,0.353033874,0.545417952,0.525216995,1.319020331,0.296294226,0.914891806,0.852729386,2.027108151,0.155557128,0.595410424,0.667755098,1.426095591,1.856309985,0.871656501,2.792707092,0.255128277,1.417088877,1.930752261,0.998282386,0.969705889,1.518701284,1.083252798,1.967461113
NCOR1,1,1.022697089,1.08230514,0.990485641,0.780404727,0.702338366,1.062593706,0.6014021,0.98709885,0.577644152,0.649625855,0.361234643,1.203247469,0.353158736,0.467919726,0.381781684,0.4542714,0.361012078,0.711424165,0.846806908,0.465485972,0.82325985,0.917288124,0.797196373,0.724994445,0.836947251,1.02146653,0.865963038
CNKSR2,1,2.110370109,2.169022964,1.967539653,1.563355173,1.561774129,3.143389998,1.941207667,1.872542441,2.330727061,3.379615674,2.457710285,6.142934767,0.248312204,1.295015729,2.265447521,4.680485476,4.502323372,4.022897888,6.544987888,0.574989292,4.97540688,6.752940604,3.356123619,4.178700479,4.62388724,4.369897563,6.564859151
FOXP1,1,0.468247135,0.66487993,1.077544855,1.771454002,1.834853446,3.870278562,2.499097142,0.637264237,2.366798914,1.018856679,0.582160426,1.143614942,0.246291729,0.518950037,0.519662438,0.536674478,0.692411948,0.826304969,1.275390979,0.34218004,0.809251091,0.84371253,0.782243574,0.629308588,0.783604174,0.710479344,0.978826032
REEP3,1,0.200671105,0.213941201,0.310439697,0.234799504,0.166901138,0.199269907,0.240699704,0.456990258,0.579217262,0.714626266,0.422818854,0.652562629,0.651573502,1.091244655,0.771642567,0.643091562,1.24796967,0.393501287,1.183772594,0.529790158,0.615248225,1.068851055,1.760007775,0.444723207,0.469484222,0.466676196,0.680787386
DGKI,1,2.35525895,1.957429912,1.617778934,1.050146618,1.17032334,2.648673326,0.767749549,1.249215322,0.446399421,0.98416677,1.391812979,3.61243483,0.22410103,0.263234927,0.254773985,1.042032449,1.144894948,0.750788117,2.386935249,0.327412614,1.819834077,2.921010579,0.839790355,0.971161209,1.37417348,2.007275326,1.518533081
IMMP2L,1,0.5736997,0.637866357,0.614495511,0.321755777,0.459924677,0.397243484,0.460649294,0.607263383,1.164975379,0.778871997,0.848579287,0.554725584,0.388973565,0.475485973,1.280299657,1.130893316,1.515469325,0.793485511,0.730279745,0.37805477,0.480143957,0.595646603,0.587387212,0.733462484,0.418504478,0.610427542,0.90184418
SOX6,1,0.272383817,0.305330695,0.529860815,0.375269277,0.306325709,0.452917153,0.301576403,1.320398773,0.395448364,0.752041516,0.352020121,0.57191635,0.400675319,0.906417507,0.294985268,0.483260415,0.501083507,0.436742111,0.494158657,0.445684177,0.255240683,0.479223052,0.661853567,0.110878091,0.307231963,0.346047905,0.206034268
CCNG1,1,0.72255109,0.847715938,0.597425273,0.470206196,0.411692073,0.429860362,0.736355164,0.929623068,0.517859116,0.423314477,0.493419776,0.251969821,0.165571629,0.374599037,0.683397221,0.539974234,0.550369881,0.221496512,0.493206734,0.248654657,0.256563417,0.34670026,0.384998791,0.188662952,0.285012074,0.189570328,0.377156172
CUX1,1,0.347697004,0.6711703,0.992231948,0.673261343,0.738085201,0.689416862,0.977548289,0.672270072,0.869651465,0.655331214,0.553265868,0.650863364,0.636719675,0.630695889,0.271839618,0.478979561,0.294579129,0.592002469,0.396971094,0.584878392,0.54050191,0.633795327,0.547321584,0.577411169,0.484645385,0.709827341,0.654178594
CNTN6,1,0.224313473,0.277722114,0.8007654,0.337983254,0.965079812,1.039767915,0.674376425,0.181533558,0.477870029,1.712069426,2.32056278,3.711823488,0.219679694,0.740970602,1.796465896,3.920995959,2.241706654,2.856598491,4.618730575,0.563480925,3.793416036,3.498195969,1.900002641,5.502168535,2.974241717,2.935179919,2.127299941
EFR3A,1,1.224798641,1.189638857,1.02683331,0.633326703,0.533800105,1.456297754,1.140316073,0.995559153,1.391227458,4.782379259,6.226538738,9.772706833,0.98197883,3.618344144,4.962188276,9.835948106,13.43273353,5.450631151,14.79111422,1.411944192,8.801620999,13.42877469,6.395925171,7.096110163,8.885359816,8.992586588,12.9148954
FRMD5,1,0.721533252,0.764946694,0.802808591,0.845495593,0.564050703,0.716852097,0.788016251,1.086977734,0.642898111,0.720128456,0.480837749,0.904239809,0.26632222,0.459144733,0.55200901,0.671106453,0.612501515,0.625591654,1.003215382,0.43745192,0.881944302,1.122614934,1.287122819,0.88274566,0.928716058,0.954725994,0.970532265
PPFIA1,1,0.956089596,0.868091369,0.934527834,0.996208479,0.501421546,0.791123845,0.490891403,1.000590298,0.779926014,1.142270687,0.695393422,0.930438648,0.838795308,1.553273535,0.466577751,0.751273766,0.806279501,1.171731816,0.963831808,1.184159092,0.91626106,0.915927353,1.15702842,0.770209829,0.998849591,1.022491438,1.241256394
BCL11B,1,1.213867758,0.712149228,0.372670746,0.19188234,0.169369081,0.217693359,0.145610618,0.654055526,0.057979655,0.037390232,0.023696697,0.036261852,0.001891886,0.015302944,0.020308317,0.024004355,0.026306246,0.035975882,0.024254937,0.005647233,0.031310445,0.03773463,0.036805534,0.024592397,0.025285301,0.032409016,0.028685223
OPHN1,1,1.170041579,1.008350214,0.900005376,0.587984982,0.382460932,0.72761962,0.482204888,1.320868822,0.505416041,0.801056472,0.384775501,0.722706755,0.493475671,1.741131921,0.266608646,0.512279501,0.501704133,0.832780208,0.715212748,0.675254043,0.553104764,0.878336349,1.079790827,0.325812643,0.665079717,0.601033245,0.602247019
NTRK3,1,2.141921021,1.829636203,1.185796959,0.949344219,0.689011834,0.997609639,0.653885142,1.940446216,0.718404049,0.937531776,0.733355804,2.329208092,0.487733115,1.00197279,0.616885734,1.208004038,0.989924723,1.510198846,1.485035927,0.624339514,1.439999055,1.939820623,1.190005342,1.021706282,1.667774938,1.340378856,1.177461727
SLC1A1,1,1.933804737,2.131872207,1.789613857,1.281627375,1.318267629,2.367260926,2.553914887,1.404495094,1.541184685,2.507433208,1.545926916,2.767946224,0.657227526,1.259715229,1.810553125,2.526538389,2.661161725,1.928091286,2.668565589,0.5992686,2.379338526,2.651585791,1.457783943,2.076420434,2.361136215,1.964414973,1.65040616
ANXA1,1,0.182867531,0.122030842,0.305193683,0.095230449,0.081613952,0.158442484,0.281972743,0.148444202,1.015116228,0.786798361,0.670522629,0.310089664,0.691099009,0.678983192,0.61597688,0.638607762,0.601155294,0.444951464,0.672143164,0.456424013,0.466764081,0.236750334,0.440438588,0.437580764,0.34731231,0.4675291,0.508720375
RIMS2,1,0.87020185,1.161521965,0.998123784,0.572448881,0.686820834,1.357745757,0.844180224,1.049771391,2.043469012,5.736402441,7.190193436,7.791779548,1.135203012,1.470652427,4.274003204,5.145856167,6.131744217,4.823795155,9.918239098,2.532498762,5.736542406,6.687545963,5.434639515,6.1150014,7.391282791,5.999651274,10.25145619
ZMYND8,1,0.93985398,1.058438297,0.951785143,1.336895715,1.180461326,1.442682953,0.867382967,0.86320855,0.644870134,0.411555373,0.387677777,0.639157357,0.371919951,0.461803233,0.371654455,0.392663579,0.196728284,0.640376257,0.714404497,0.424129558,0.682180376,0.62573777,0.712893479,0.517978792,0.630383947,0.718577687,0.659102657
SLC35G1,1,2.00341858,1.279473634,0.853070455,0.53982598,0.289977587,0.519077903,0.430773761,0.792436262,0.353531876,0.829939014,0.997110565,0.730015177,0.149549824,0.449178616,0.665647731,0.504002962,0.617157477,0.451154849,0.793060236,0.234492284,0.50294325,0.261863681,0.313217765,0.488966901,0.505778158,0.301258426,0.385163933
GRIP1,1,1.193567934,1.02022319,1.120315226,1.088497392,0.553719273,1.519545359,1.169519127,0.577443426,0.424135721,0.305590798,0.176221724,0.284437116,0.003590775,0.029631564,0.119433512,0.097983242,0.089363397,0.132992223,0.207524271,0.036538523,0.179305611,0.215147048,0.131621679,0.133902089,0.172344413,0.208185589,0.213707579
TRPM7,1,0.880201501,0.702704874,0.751035752,0.850027595,0.395556158,0.610928661,0.296033248,1.000182377,0.30906889,0.653223137,0.476658516,0.761361786,0.270973292,0.307739706,0.275216606,0.413083711,0.379177799,0.417215644,0.964141999,0.338104239,0.556479022,0.505323032,0.770562291,0.386348705,0.753134394,0.510698388,0.85358352
AGBL4,1,0.976803116,0.847936009,0.929668235,0.790345034,1.127428986,1.805951518,1.247701883,0.972877046,3.561246678,6.792226096,8.460089279,12.74605092,0.942020732,2.179405538,5.517205674,10.81084113,10.40452605,10.4359231,19.79171412,1.948354215,15.37441756,11.60959629,7.603958858,15.2733522,16.25555977,13.13120837,14.71462511
ASXL3,1,2.503832778,2.697392518,1.73841893,0.943878663,0.506654612,1.420645487,0.319421603,1.31796758,0.3559737,0.199024482,0.175842598,0.619749717,0.024411487,0.055532076,0.057889014,0.164403283,0.118074787,0.191973235,0.422701945,0.068374508,0.26840853,0.295365085,0.201901613,0.155516204,0.33460137,0.260858907,0.210205439
KCNC2,1,1.416864192,0.93231036,1.106555408,1.333486704,1.712465721,2.562223367,2.075033682,1.050651437,5.848007753,18.13666335,16.76209047,30.65866203,0.66553923,3.733785654,24.62602837,43.57552377,46.59836783,23.75398223,46.5250926,4.116482887,36.4252288,38.99005498,19.93630636,37.45929786,36.50044482,39.61192521,40.66941347
MSL3,1,1.145326372,1.352541027,1.255251747,1.109171673,1.156731301,1.461701711,1.821785581,1.417571829,0.816089235,1.214495164,1.523840506,1.118118435,0.24729413,0.770277824,2.325351822,1.285027705,1.641234379,0.936989032,1.553241862,0.362924176,1.018587365,1.10405278,0.855709396,1.128491344,1.105050333,0.997346018,1.230538277
TM4SF19,1,0.859520354,1.090141229,0.992060948,0.757495094,1.464728574,1.063733964,2.087495704,1.246306011,1.068424349,0.716813851,0.474928329,0.377786671,0.155995183,0.29640658,1.423777807,0.663360288,1.137288689,0.416899742,0.663029086,0.10436041,0.372773825,0.301465917,0.323822885,0.505410437,0.358225859,0.248618659,0.651363935
ZNF559,1,0.956659909,0.828626354,0.920806222,0.916241761,0.590514732,0.568936428,0.506477633,1.228927414,0.441210437,0.491775451,0.260582641,0.406414721,0.176969373,0.249951086,0.381577664,0.311732988,0.419394876,0.296417677,0.542077955,0.29395935,0.413285392,0.341401315,0.402326654,0.279289868,0.512125499,0.275907762,0.261099849
SPRY2,1,0.418174055,0.86985695,1.321408587,1.423716054,1.141520622,1.440514617,1.375234656,0.678707844,2.432778282,2.689902342,2.12398321,2.374023737,1.478441833,3.975246393,3.559333056,2.163867427,2.390864023,2.699319792,2.295744761,1.373876196,1.846898963,1.619049636,2.04691224,1.133620931,1.481089249,1.713456164,1.237169908
ZSWIM6,1,1.211806746,1.31587609,1.028572178,1.000735802,0.495841406,0.808735285,0.55933335,0.796495094,0.277320556,0.399140864,0.202315815,0.513640141,0.220311526,0.502817102,0.297285736,0.331862105,0.276144075,0.43702342,0.524632001,0.240649738,0.382412905,0.430002366,0.671282232,0.296878586,0.38982889,0.474215272,0.315557311
DLGAP1,1,1.482151739,1.498633342,1.61574976,1.418029918,1.056618686,1.978896083,1.564402973,1.552852394,1.535206866,2.617377165,3.070631945,5.897745726,0.147093274,0.774962999,1.351571942,4.205318996,3.293221905,3.092785502,5.991841257,0.366042984,4.742348522,5.723318647,2.478981783,4.281520099,4.274305936,4.910295896,5.539710366
KCNMA1,1,2.07044171,1.656665906,1.910051429,1.237861383,1.186592488,2.459916849,1.122146788,1.964766528,3.175641056,6.415338092,5.279549879,12.21899257,3.307868112,6.376125303,4.018111797,8.265000841,6.682707697,6.901414289,10.62412103,4.355128452,9.919635433,10.74331547,6.238940424,6.916226479,8.627599673,11.27269832,7.783369782
HIVEP2,1,4.138849561,4.139229521,2.534553908,2.353560242,1.333718457,4.6415143,2.348649931,1.710537526,1.944052502,3.014020089,1.360980366,6.474400654,0.328865703,1.124126763,0.732920455,2.225632062,1.683178421,2.130044184,3.15256196,0.37260186,3.190109531,2.90099006,1.902639813,2.35637056,2.431471674,3.183764546,2.401761318
RIMS1,1,0.689788132,1.189820134,1.808991274,1.783928619,1.630491262,4.11445603,2.564009335,1.051520933,2.637505556,6.801975444,8.175261596,11.66032416,1.838604678,2.798443635,3.928468949,5.676337114,7.006181734,6.344462809,11.54706474,2.034858465,7.655914045,6.950724829,5.608066924,6.893154266,6.783938348,5.338800274,7.375256271
CASK,1,1.242173194,1.189132335,1.026798882,0.745197541,0.61674135,1.192885426,0.88850204,1.239092765,0.556466417,0.677658409,0.624314222,0.824844638,0.224546332,0.512376154,0.245688551,0.360044295,0.499657173,0.456053068,0.553891225,0.20403648,0.445421229,0.56613334,0.416749804,0.310546053,0.432445025,0.355384797,0.3132529
GPHN,1,1.281174817,1.200775319,1.164439706,0.978843005,0.778621699,1.723748436,1.613287748,1.041373369,1.049951824,1.335079119,1.085201639,1.37979734,0.222822265,0.756308507,0.726876587,0.928859651,0.80317547,1.214772425,1.283760778,0.432276883,1.24603817,0.968461752,0.974602697,1.237953797,1.324262338,1.251768234,1.11942838
PHLPP1,1,0.452952981,0.544324464,0.53360476,0.339059149,0.212692078,0.466358581,0.3500911,0.822233742,0.69718439,0.821156769,0.313847562,0.697939949,0.906100426,1.747174889,0.284285122,0.615214432,0.477579297,0.882137729,0.641217527,0.884003203,0.752197284,1.097926697,1.52992381,0.571944896,0.609337493,0.815913199,0.366414972
DPP10,1,1.345374653,0.724396506,0.496066773,0.312037087,0.370637857,0.646868372,0.519334089,0.556361195,0.55364663,0.707253246,0.877831396,1.018464494,0.10715005,0.26431779,0.532450906,0.826252348,1.082026892,0.551683314,1.221463518,0.116407963,0.796942338,1.003251667,0.508154745,0.712286077,0.713009967,0.621329844,0.972723441
YWHAZ,1,0.866599868,1.00382496,0.897735535,0.697340258,0.751701629,1.151653293,2.112493467,1.052524874,0.915089092,0.95607703,0.937893821,0.939330279,0.081962886,0.388783369,1.153136883,1.002976659,1.636943248,0.741664078,1.281001032,0.191037193,0.768458251,0.968378474,0.560194139,0.741283553,0.795539969,0.470357395,0.701876834
KATNAL1,1,1.148398768,0.92194414,0.694901223,0.670133321,0.475763119,0.809900057,0.624311137,1.01660805,0.510586174,0.586646213,0.862996492,0.947087738,0.129483523,0.407426356,0.405305756,0.786773056,1.13240314,0.602774139,1.097946901,0.225527518,0.690579429,1.081763149,0.724561662,0.555818751,0.728520803,0.656353119,0.90850896
GRIN2A,1,0.731145006,0.767072358,2.318975616,2.437144935,4.777300261,14.67465504,6.379831044,2.672910553,19.52430843,63.90375464,57.6221118,220.6510408,5.475111764,23.42858523,63.08893851,113.8983491,72.70667636,78.83046399,149.0173178,11.91249574,128.2633723,153.1732386,61.64747049,92.35056632,112.230639,108.124403,116.174744
CNTNAP3,1,3.206417443,1.491652953,4.296191345,4.686701926,2.328994805,9.648523463,2.747646664,1.235219229,2.141751663,0.7338459,0.655411134,1.50822971,0.241617019,0.530498769,0.305002361,0.36193418,0.459719741,0.562110772,0.341640779,0.687300344,0.454994001,1.250470081,0.753228962,0.459420532,0.325316296,0.463477452,0.362779005
GBE1,1,0.368322773,0.627246249,0.646375084,0.673020518,0.450346686,0.720241115,0.996012853,0.670852048,1.721193812,1.358539956,1.312993706,1.433883077,0.834698319,1.660680282,1.312655048,1.508713426,1.783996217,1.11625596,2.038893583,0.737034008,1.08425859,1.629996824,1.344709252,1.472840525,1.270315702,1.165887596,1.549112515
ROBO2,1,2.17002885,2.155141688,1.225785348,0.820474222,0.458869695,1.163853252,0.77233364,0.669199273,0.489127959,0.418854141,0.410162353,0.562102059,0.006889795,0.057423912,0.236897889,0.250693571,0.255713071,0.190914195,0.31744997,0.032928,0.272591922,0.346476276,0.150844163,0.197920881,0.22939391,0.246301733,0.254243236
KDM4B,1,1.536127419,1.408152437,1.58439663,1.374552953,1.328628267,1.333397175,1.043291273,0.895428321,1.259060207,0.375761311,0.271895323,0.346920477,0.262826958,0.344865532,0.081258792,0.171815404,0.158416882,0.317177105,0.163842449,0.25271316,0.319731999,0.349731357,0.300161916,0.297346818,0.273441081,0.315460605,0.216097815
SYT1,1,1.642832283,1.479320945,1.007617352,0.738034001,0.577828324,1.500749433,1.315826356,1.178664737,1.792688311,2.766249895,3.826116763,5.511651515,0.071177004,1.067114234,1.427000894,3.803940899,4.095433026,4.289664779,7.448868383,0.378692109,6.518033778,6.937101731,3.35694142,6.109116512,6.606039228,4.875556894,6.686305998
CDH8,1,0.17835534,0.36594451,1.188997323,0.789854954,1.051560694,2.422376614,1.993953795,1.526494563,4.212808255,8.426375713,5.154383027,17.96150086,0.183492386,2.128200371,4.64656949,8.491849277,8.838708738,9.077459291,15.8292504,0.970089451,11.7310904,10.66107833,5.058118461,9.715425621,11.06656395,8.332765788,8.523307795
SCFD2,1,1.073071472,1.200419791,0.925323633,0.673056919,0.590102816,0.87435498,0.895766538,0.943275588,0.660439193,0.714231753,1.008512653,0.972008281,0.250542322,0.627890053,0.505413814,0.873045926,0.833033259,0.985963838,1.141601598,0.348989131,1.047293736,0.93241785,0.988276774,1.005559421,0.995130743,1.203466252,0.94140159
GLI3,1,0.009467585,0.204660654,0.183556917,0.181336093,0.031555482,0.014419199,0.01520093,0.855343124,0.036522605,0.063152638,0.025983326,0.014313053,0.115985831,0.153753712,0.012084369,0.022974279,0.019971333,0.059589523,0.012400456,0.105959295,0.016397519,0.021040547,0.10821887,0.006613847,0.01573096,0.02776607,0.007978872
P4HA2,1,0.515444378,0.76956041,1.842422268,2.452732998,1.958422097,3.045968864,2.324259864,0.614906366,6.306133328,3.073530176,6.347268976,4.479185382,1.839477191,3.237651902,1.784840916,2.65545958,2.835964817,3.954818902,3.775150791,1.723081176,4.192892329,4.067118135,2.468926643,3.65628486,3.70937719,3.54173289,2.824533312
NPTN,1,1.240666662,1.012071277,0.905481131,0.851597571,0.767342969,1.375616813,1.551397968,1.062586364,2.124269599,2.740051379,3.436879898,4.115384879,0.273406147,1.483833491,5.394967963,4.978160079,4.11087656,4.184396203,5.53210976,0.648302082,5.204435288,3.791489583,3.204232934,5.437040758,4.66156792,4.558098606,5.427330609
CADPS2,1,0.245161053,0.264748548,0.645101495,0.283650708,0.353992886,1.60686884,1.621877652,2.122169734,2.408795118,7.754768509,13.23729032,12.20525586,1.009601201,3.185901704,5.581993669,10.66363366,11.88416226,11.14560407,21.14809738,1.500026924,18.60603012,19.08880703,7.65696185,17.33058955,16.38094446,15.0814658,22.28482475
PARD3B,1,0.07315232,0.239174098,0.342043683,0.202843345,0.0756238,0.115711998,0.093577087,1.171423727,0.396877382,0.541976285,0.254957754,0.121766377,0.430881861,0.622622195,0.06880908,0.142354002,0.134096426,0.362277163,0.126562639,0.508754857,0.155457072,0.150863203,0.441189473,0.063682624,0.136170579,0.156015517,0.154278519
FBXO33,1,1.405773333,1.314019852,0.908739698,0.658982353,0.796648333,0.976950493,0.740680317,1.480464675,0.866801232,1.33294743,1.103378357,2.24754548,0.763525001,0.91286363,1.856728837,2.470008236,2.442208169,1.750645437,3.640576561,0.735309708,2.314315359,2.355527788,2.019034852,2.741415794,2.374592105,2.44547619,3.437367641
ESRRB,1,0.723770922,1.706091184,1.949542476,2.137101232,6.639956917,1.403877496,1.963180794,0.451779312,1.049800882,0.293882834,0.413358654,0.560592962,0,1.454365726,0.302886864,1.239898811,0,1.388075566,0.655957257,1.581766131,0.604427375,0.652740182,0.941001403,1.535409079,3.518997747,2.178668103,0.780346084
PHF3,1,0.98911715,0.949715165,0.789827306,0.658593653,0.471635652,0.774619938,0.453940316,1.165804287,0.435284674,0.47377687,0.414508119,0.665296865,0.23201618,0.463199523,0.216783211,0.253079797,0.261380071,0.383095902,0.562252174,0.317874822,0.354600799,0.600904552,0.620354727,0.284855881,0.400403584,0.360336741,0.577512805
MSR1,1,0.538350634,0.287762399,0.602868128,0.106320646,0.119792388,0.106666667,1.666805075,0.244244521,8.151926182,3.728035371,2.324221453,6.18011534,0.522306805,2.085905421,9.18260669,9.257647059,5.208073818,1.572572088,5.571695502,1.122537486,2.393794694,4.549642445,2.396239908,0.215340254,4.259838524,2.585859285,0.731903114
SHOX2,1,0,0.153534364,0,0,4.296423322,0,0,0.365818894,0,0,0,0.714622957,0,0,0,0.252973142,0.538461538,0,0,0,1.541000401,0,0,0.653912966,0.412899203,0.772482295,0.732439535
ST7,1,1.479285429,1.406280571,0.886565134,0.588435218,0.670886115,0.934888788,1.293980012,1.448061905,0.919227237,0.469544685,0.695747764,0.378632156,0.209848713,0.44800998,0.354272799,0.410594169,0.384623753,0.458448523,0.440913154,0.282281802,0.378821166,0.385590428,0.344277149,0.360654296,0.380597675,0.400873959,0.280738752
LRFN5,1,0.970919647,0.970025222,1.174254828,1.104638872,1.253566078,2.608966405,1.841759222,0.815413145,2.285287747,1.411320952,0.890023222,2.600718605,0.274267734,0.635182338,1.096984257,1.753179667,1.65635005,2.107359079,2.590381972,0.336677459,2.280115662,2.110216966,1.400209235,2.102974891,2.210704302,1.911751205,1.845671827
CDK13,1,0.910978557,0.873270286,0.781740612,0.715770948,0.473947242,0.773121795,0.626726128,0.904210086,0.371528802,0.485720797,0.240189953,0.558761519,0.22275014,0.35253472,0.249981842,0.338029489,0.35828264,0.45309863,0.54727708,0.293104148,0.49039161,0.506342164,0.56457637,0.443473908,0.583759204,0.510033545,0.500220391
EPHB1,1,2.215207537,1.97712767,1.092953912,0.7356978,0.366747774,0.921877393,0.746659765,1.319441017,0.317894778,0.409695641,0.274801004,0.202350582,0.430716341,0.679958669,0.176905396,0.186075903,0.181711208,0.35163639,0.133747042,0.306333387,0.183044929,0.179832871,0.38436071,0.116152123,0.140552358,0.205997571,0.131105673
YTHDC2,1,1.006599452,0.869018132,0.826705802,0.972910668,0.416157967,1.055481592,0.780009842,1.104406207,0.375651251,0.805157943,0.831683222,1.298746904,0.179515831,0.388369299,0.502818941,0.72284234,0.806936378,0.705478666,1.16790766,0.24341589,0.755172651,1.129541145,0.672746907,0.740937882,1.170267478,0.733987128,1.00540207
ANKS1B,1,1.547242477,1.485385865,1.762954634,1.547575657,1.303300118,2.147204646,1.53810719,1.388169121,1.120841151,1.802821567,1.461165958,2.648588256,0.463583484,1.134082909,1.898499248,1.683068965,1.217526054,1.885771759,3.397132921,0.737496903,2.536499091,2.537628063,2.360337136,2.17247239,2.396785146,2.606769418,3.152019342
PRKAR1B,1,1.327322939,1.355992408,1.750295818,1.806179971,2.593220533,2.924905784,2.762149623,1.034668844,3.49268848,3.035190528,7.317733521,4.389901156,0.677557363,3.225037238,2.393860369,7.511998597,5.559210218,6.126157984,4.184572633,1.456898977,6.580453319,7.184813849,4.005389163,8.56915683,4.856118733,6.97052866,6.107076042
CMIP,1,0.946556874,0.981384048,1.142360873,0.988020382,0.91930154,1.742143202,1.14613582,0.760284627,1.473358684,0.72486335,0.459333709,1.156240949,0.199089887,0.386036828,0.301929692,1.033141398,0.390568758,0.897156442,1.030333871,0.224160231,1.089340581,0.913141784,0.824322036,0.884959567,0.764469798,0.996714556,0.847767456
DCC,1,1.025886172,0.479812517,0.198374607,0.06004603,0.028124366,0.10821778,0.069393473,0.861783986,0.043889343,0.072894171,0.072936655,0.141247452,0.012343605,0.04114203,0.050422255,0.065159285,0.042352809,0.046663785,0.083777859,0.026214905,0.102693677,0.087018864,0.053651816,0.082982247,0.085987879,0.08395353,0.098445718
NR1D1,1,1.070112761,0.986325657,1.061831521,0.666072079,1.336959543,1.128140989,1.435878839,0.717663745,4.548675969,1.926394458,2.102291763,0.942368253,1.24259909,2.412183176,0.903832678,1.474048362,1.944023263,2.329567205,0.744070791,2.477657332,1.955768426,1.579684208,1.510889415,2.282816357,1.406686212,2.073221532,1.854307375
CELF4,1,0.626362562,0.488860146,1.061913607,0.936770354,1.848365019,2.009891009,1.067930714,0.672003066,2.386151531,1.838092525,1.241942713,2.560962496,0.581228686,0.989156052,2.202956736,1.491602388,1.585949135,2.185199318,2.966173674,0.984074012,2.419785383,2.424628268,2.193968502,2.561340016,1.990153845,2.188793126,3.012204406
CACNA1A,1,1.237494661,1.062567477,1.188373174,2.091262901,1.632679069,3.038126548,0.991598974,0.584812015,2.656263741,2.36943916,1.943362282,4.097737837,1.675837815,1.989800322,0.886266308,2.373653658,0.777923733,3.216099584,2.096390515,1.852707166,3.572990663,2.89377121,2.362640333,3.703840887,3.298361516,4.198225216,3.380972958
CLCN4,1,1.675736014,1.146727373,0.776776802,0.477808438,0.379200166,1.02900961,0.736779465,0.857428563,0.990387633,0.778719792,1.119828556,1.558479854,0.091168432,0.391310876,0.529699979,1.116683387,0.929008973,1.037051805,1.489516925,0.224422727,1.651158306,1.767602823,1.036053614,1.453312713,1.319040255,1.480254241,1.446277488
CADM1,1,1.128704908,0.934522209,0.691967762,0.438289492,0.335794538,0.599745431,0.357292328,1.37677172,0.477854604,0.384073025,0.405262508,0.438886135,0.258929261,0.611176392,0.073334218,0.349107432,0.220464483,0.32443556,0.370866322,0.235086208,0.249202829,0.385588613,0.401925647,0.166916302,0.24738539,0.213943504,0.181819174
GPD2,1,1.970864957,1.348193661,1.216576258,0.902041322,0.721814227,1.605543246,1.895408801,1.570679934,1.282506251,1.323657808,1.64997516,1.452702689,0.318863269,1.130449194,0.844561636,1.260271487,2.087277055,0.758851159,1.263229615,0.490632932,0.624810037,1.232002072,1.028232306,0.467944528,0.630270548,0.574207489,0.794639086
CPEB4,1,1.635357737,1.078811966,0.719219316,0.480530895,0.298489582,0.84385594,0.568526957,0.937299519,0.517625924,0.787046757,0.703692139,1.109479825,0.267373673,0.666715357,0.516270152,1.00437905,1.192914292,0.60816583,1.007882698,0.294394613,0.684257346,1.053935339,0.88105997,0.593844679,0.672094504,0.616664873,1.063830531
